Μπανάνα,
Μήλο,
Πορτοκάλι,
Αχλάδι,
Φράουλα,
Πεπόνι,
Καρπούζι,
Μανταρίνια,
Ροδάκινο,
Βερίκοκο,
Κεράσια,
Ανανάς,
Μάνγκο,
Σύκο,
Ακτινίδιο,
Βατόμουρα,
Ντομάτα,
Ντοματίνια,
Αγγούρι,
Κρεμμύδι,
Πιπεριά πράσινη,
Πιπεριά κόκκινη,
Μαρούλι,
Λάχανο,
Καρότο,
Μπρόκολο,
Κουνουπίδι,
Κολοκύθα,
Πατάτα,
Γλυκοπατάτα,
Ρόκα,
Σπανάκι,
Κολοκύθι,
Αρακάς,
Φασολάκια,
Φακές,
Φασόλια,
Ρεβίθια,
Φάβα,
Φασόλια Μαυρομάτικα,
Γίγαντες,
Γάλα αγελάδας πλήρες,
Γάλα αγελάδας 1% λιπαρά,
Γάλα αγελάδας 2% λιπαρά,
Γάλα κατσικίσιο πλήρες,
Γάλα κατσικίσιο 1% λιπαρά,
Γάλα αμυγδάλου χωρίς ζάχαρη,
Γιαούρτι αγελαδινό πλήρες,
Γιαούρτι αγελαδινό 2% λιπαρά,
Γιαούρτι αγελαδινό 0% λιπαρά,
Γιαούρτι κατσικίσιο 4% λιπαρά,
Γιαούρτι πρόβειο,
Τυρί γκούντα πλήρες,
Τυρί γκούντα light (17%),
Φέτα,
Φέτα χαμηλών λιπαρών,
Γραβιέρα,
Cottage cheese,
Ανθότυρο,
Φιλέτο στήθος κοτόπουλου ,
Φιλέτο μπούτι κοτόπουλου ,
Ψημένο κοτόπουλο με πέτσα,
Ψαρονέφρι,
Μοσχαρίσια μπριζόλα,
Χοιρινή μπριζόλα,
Μπιφτέκι μοσχαρίσιο από σπάλα,
Μπιφτέκι από μπούτι κοτόπουλου,
Φιλέτο γαλοπούλας,
Μοσχάρι γλώσσα,
Μοσχαρίσιο ποντίκι,
Μοσχαρίσιο κιλότο,
Αυγό,
Σολομός,
Τσίπουρα,
Γλώσσα,
Γαρίδες,
Χταπόδι,
Καλαμάρι,
Σουπιές,
Μακαρόνια,
Μακαρόνια ολικής,
Ρύζι,
Noodles ρυζιού,
Ψωμί,
Ψωμί ολικής,
Ψωμί σικάλεως,
Δημητριακά ολικής,
Δημητριακά με σοκολάτα,
Νιφάδες βρώμης,
Κινόα βρασμένη,
Κους κους βρασμένο,
Αλεύρι για όλες τις χρήσεις,
Αλεύρι σίκαλης,
Καλαμποκάλευρο,
Αλεύρι ολικής,
Αμύγδαλα,
Καρύδια,
Φουντούκια,
Φιστίκια κάσιους,
Φιστίκια αράπικα,
Λιναρόσπορος,
Σπόροι chia,
Κολοκυθόσπορος,
Ηλιόσπορος,
Αποξηραμένα cranberries,
Αποξηραμένα βερίκοκα,
Σταφίδες,
Αποξηραμένα δαμάσκηνα,
Αποξηραμένοι χουρμάδες,
Αποξηραμένα σύκα,
Ελαιόλαδο,
Σπορέλαιο,
Λάδι καρύδας,
Βούτυρο,
Κόκκινο κρασί,
Λευκό κρασί,
Ρούμι,
Ουίσκι,
Βότκα,
Τζιν,
Μπύρα,
Φυσικός χυμός πορτοκάλι,
Τσάι,
Καφές,
Ζεστή σοκολάτα,
Ρόφημα κακάο,
Ζάχαρη,
